name,season,stage,vote,search,age
Jeon So-mi,1,4,85.83,6.99526,15
Kim Se-jeong,1,4,52.54,5.89883,20
Choi Yoo-jung,1,4,43.88,1.65724,16
Kim Chung-ha,1,4,40.36,0.14694,20
Kim So-hye,1,4,22.97,1.56344,17
Zhou Jieqiong,1,4,21.83,0.68639,17
Jung Chae-yeon,1,4,21.53,0.34423,18
Kim Do-yeon,1,4,20.01,0.10405,16
Kang Mi-na,1,4,17.38,0.18644,16
Im Na-young,1,4,13.87,0.244,20
Yoo Yeon-jung,1,4,13.68,1.35739,17
Han Hye-Ri,1,4,13.41,5.54053,19
Lee Su-Hyun,1,4,13.39,2.75208,20
Kim Na-Young,1,4,13.32,12.62222,20
Kim So-Hee,1,4,12.85,5.69432,21
Yoon Chae-Kyung,1,4,12.85,3.28292,20
Lee Hae-In,1,4,11.66,4.10914,22
Park So-Yeon,1,4,10,2.97882,16
Ki Hui-Hyeon,1,4,9.88,3.31149,21
Jeon So-Yeon,1,4,7.81,1.63327,18
Jung Eun-Woo,1,4,4.25,4.42903,18
Kang Si-Ra,1,4,4.08,1.54894,25
Kang Daniel,2,4,157.88,1.84465,20
Park Ji-hoon,2,4,113.6,3.45576,17
Lee Dae-hwi,2,4,110.2,2.03782,16
Kim Jae-hwan,2,4,105.17,0.19964,20
Ong Seong-wu,2,4,98.48,1.44369,21
Park Woo-jin,2,4,93.74,0.19531,18
Lai Kuan-lin,2,4,90.59,0.55706,15
Yoon Ji-sung,2,4,90.21,0.95603,26
Hwang Min-hyun,2,4,86.27,0.34289,21
Bae Jin-young,2,4,80.77,0.45882,16
Ha Sung-woon,2,4,79.03,0.28141,23
Jung Se-woon,2,4,76.99,1.74591,20
Kang Dong-ho,2,4,75.54,8.56352,22
Kim Jong-hyun,2,4,70.41,1.56356,22
Im Young-min,2,4,65.48,5.22033,21
Ahn Hyung-seob,2,4,60.91,0.82799,18
Yoo Seon-ho,2,4,55.17,1.10441,15
Kim Samuel,2,4,39.15,2.87949,15
Ju Hak-nyeon,2,4,34.9,1.3901,18
Choi Min-ki ,2,4,22.71,0.58469,22
Jang Won-young,3,4,33.84,2.9228,13
Sakura Miyawaki,3,4,31.61,4.79838,20
Jo Yu-ri,3,4,29.47,0.58018,16
Choi Ye-na,3,4,28.54,0.17685,18
Ahn Yu-jin,3,4,28.05,1.41943,14
Nako Yabuki,3,4,26.18,5.07937,16
Kwon Eun-bi,3,4,25.02,0.76395,22
Kang Hye-won,3,4,24.84,0.10473,18
Hitomi Honda,3,4,24.04,0.1792,16
Kim Chae-won,3,4,23.82,0.03039,17
Kim Min-joo,3,4,22.71,0.09576,17
"Lee Chae-yeon	",3,4,22.13,0.41139,18
Han Cho-won,3,4,21.33,4.39201,15
Lee Ga-eun,3,4,20.93,8.6731,23
Miho Miyazaki,3,4,18.48,21.93274,24
Juri Takahashi,3,4,16.43,3.92853,20
Miyu Takeuchi,3,4,15.81,12.04978,22
Miu Shitao,3,4,12.91,6.63114,17
Park Hae-yoon,3,4,9.66,3.31566,21
Miru Shiroma,3,4,9.44,5.4241,20
Jeon So-mi,1,3,38.08,32.62568,15
Kim Se-jeong,1,3,13.16,43.7505,20
Choi Yoo-jung,1,3,12.8,48.97586,16
Kim Chung-ha,1,3,8.93,11.13729,20
Kim So-hye,1,3,9.42,23.49683,17
Zhou Jieqiong,1,3,1.93,11.1294,17
Jung Chae-yeon,1,3,4.38,24.93116,18
Kim Do-yeon,1,3,4.49,11.38998,16
Kang Mi-na,1,3,2.16,10.50009,16
Im Na-young,1,3,4.81,4.83003,20
Yoo Yeon-jung,1,3,4.6,6.81696,17
Han Hye-Ri,1,3,4.94,4.92711,19
Lee Su-Hyun,1,3,1.46,2.03197,20
Kim Na-Young,1,3,2.82,18.52644,20
Kim So-Hee,1,3,5.45,6.54977,21
Yoon Chae-Kyung,1,3,5.33,2.64296,20
Lee Hae-In,1,3,3.11,5.9968,22
Park So-Yeon,1,3,2.36,2.66968,16
Ki Hui-Hyeon,1,3,3.51,5.39191,21
Jeon So-Yeon,1,3,1.9,3.53743,18
Jung Eun-Woo,1,3,1.5,5.78863,18
Kang Si-Ra,1,3,2.65,1.62659,25
Ng Sze-Kai,1,3,1.41,2.78877,22
Kim Danielle,1,3,1.25,5.34598,16
Park Si-Yeon,1,3,1.1,4.54566,15
Huh Chan-Mi,1,3,0.85,18.70521,24
Hwang In-Sun,1,3,0.81,7.16648,29
"Seong Hye-Min	",1,3,0.72,2.14953,27
Kang Yae-Bin,1,3,0.69,3.5382,18
Kim Seo-Kyung,1,3,0.69,1.2048,17
Lee Soo-Min,1,3,0.67,16.72006,17
An Ye-Seul,1,3,0.6,2.9309,21
Kim Hyeong-Eun,1,3,0.45,2.61039,22
Kim Ju-Na,1,3,0.34,5.23426,22
Kwon Eun-Bin,1,3,0.23,10.48304,16
Kang Daniel,2,3,82.81,20.26534,20
Park Ji-hoon,2,3,63.02,3.80085,17
Lee Dae-hwi,2,3,32.6,1.77226,16
Kim Jae-hwan,2,3,25.98,1.25384,20
Ong Seong-wu,2,3,35.87,2.15209,21
Park Woo-jin,2,3,37.25,2.1665,18
Lai Kuan-lin,2,3,18.89,3.44278,15
Yoon Ji-sung,2,3,33.4,0.62423,26
Hwang Min-hyun,2,3,31.57,2.32234,21
Bae Jin-young,2,3,39,0.97357,16
Ha Sung-woon,2,3,41.37,2.51317,23
Jung Se-woon,2,3,19.62,0.91309,20
Kang Dong-ho,2,3,31.48,3.337,22
Kim Jong-hyun,2,3,36.71,6.35019,22
Im Young-min,2,3,19.77,5.41971,21
Ahn Hyung-seob,2,3,25.5,0.58452,18
Yoo Seon-ho,2,3,20.92,0.453,15
Kim Samuel,2,3,37.85,2.12669,15
Ju Hak-nyeon,2,3,19.72,1.3596,18
Choi Min-ki ,2,3,21.77,0.5923,22
Kim Yong-guk,2,3,18.43,0.66518,21
Kwon Hyun-bin,2,3,16.07,1.16369,20
Lee Eui-woong,2,3,15.66,0.50653,16
Kenta Takada,2,3,14.62,0.33297,22
Noh Tae-hyun,2,3,14.35,0.64607,24
Kim Sang-gyun,2,3,14.09,0.94112,22
Jang Moon-bok,2,3,13.03,17.52128,22
Kim Dong-hyun,2,3,12.52,0.46173,19
Kim Dong-han,2,3,12.06,0.40755,19
Kim Tae-dong,2,3,11.01,0.29121,20
Seo Sung-hyuk,2,3,5.44,0.2544,18
Kim Ye-hyun,2,3,5.33,0.17663,18
Lee Gun-hee,2,3,5.01,0.569,19
Lee Woo-jin,2,3,4.78,0.38007,14
Park Woo-dam,2,3,3.2,0.24081,22
Jang Won-young,3,3,27.8,4.18481,13
Sakura Miyawaki,3,3,37.38,1.54084,20
Jo Yu-ri,3,3,21.32,0.21742,16
Choi Ye-na,3,3,21.58,0.15871,18
Ahn Yu-jin,3,3,23.9,0.49395,14
Nako Yabuki,3,3,26.42,1.03318,16
Kwon Eun-bi,3,3,24.76,0.53365,22
Kang Hye-won,3,3,31.12,2.64865,18
Hitomi Honda,3,3,25,0.26236,16
Kim Chae-won,3,3,21.08,0.09568,17
Kim Min-joo,3,3,22.78,0.14785,17
"Lee Chae-yeon	",3,3,32.74,0.56795,18
Han Cho-won,3,3,24.32,0.31446,15
Lee Ga-eun,3,3,30.77,0.46862,23
Miho Miyazaki,3,3,34.8,9.24618,24
Juri Takahashi,3,3,21.35,0.15891,20
Miyu Takeuchi,3,3,30.34,1.26263,22
Miu Shitao,3,3,26.1,1.4256,17
Park Hae-yoon,3,3,20.47,0.08554,21
Miru Shiroma,3,3,26.86,0.15891,20
Kim Na-young,3,3,18.86,0.23748,15
Sae Murase,3,3,17.46,0.16449,21
Kim Do-ah,3,3,16.7,0.11041,14
Moe Goto,3,3,15.4,0.41056,17
Jang Gyu-ri,3,3,12.91,0.20402,20
Huh Yun-jin,3,3,9.7,0.19147,16
Kim Si-hyeon,3,3,9.6,0.06635,18
Wang Yi-ren,3,3,9.43,0.21029,17
Na Go-eun,3,3,7.99,0.08132,18
Lee Si-an,3,3,7.6,0.12422,19
Jeon So-mi,1,2,120.14,5.21178,15
Kim Se-jeong,1,2,147.36,9.82219,20
Choi Yoo-jung,1,2,128.64,4.53211,16
Kim Chung-ha,1,2,46.26,0.63501,20
Kim So-hye,1,2,83.31,5.39045,17
Zhou Jieqiong,1,2,88.55,1.80754,17
Jung Chae-yeon,1,2,69.68,2.14518,18
Kim Do-yeon,1,2,84.17,0.80158,16
Kang Mi-na,1,2,121.27,1.19366,16
Im Na-young,1,2,66.58,0.45285,20
Yoo Yeon-jung,1,2,68.46,1.6676,17
Han Hye-Ri,1,2,45.08,0.53718,19
Lee Su-Hyun,1,2,22.88,0.15768,20
Kim Na-Young,1,2,93.1,0.71364,20
Kim So-Hee,1,2,36.38,0.63599,21
Yoon Chae-Kyung,1,2,46.07,0.29578,20
Lee Hae-In,1,2,46.1,0.83201,22
Park So-Yeon,1,2,28.92,0.31872,16
Ki Hui-Hyeon,1,2,48.1,0.61651,21
Jeon So-Yeon,1,2,37.3,0.31312,18
Jung Eun-Woo,1,2,43.89,1.35838,18
Kang Si-Ra,1,2,29.01,0.42583,25
Ng Sze-Kai,1,2,29.85,0.2563,22
Kim Danielle,1,2,41.94,0.74505,16
Park Si-Yeon,1,2,37.23,1.00762,15
Huh Chan-Mi,1,2,24.9,1.09327,24
Hwang In-Sun,1,2,25.64,0.86911,29
"Seong Hye-Min	",1,2,32.94,0.34007,27
Kang Yae-Bin,1,2,25.06,0.37155,18
Kim Seo-Kyung,1,2,30.01,0.07275,17
Lee Soo-Min,1,2,24.35,9.86673,17
An Ye-Seul,1,2,30.18,0.57953,21
Kim Hyeong-Eun,1,2,33.27,0.17261,22
Kim Ju-Na,1,2,37.2,0.77131,22
Kwon Eun-Bin,1,2,31.1,7.07067,16
Kang Si-Won,1,2,20.65,0.04281,20
Yoon Seo-Hyeung,1,2,18.7,0.13056,21
Park Hae-Young,1,2,17.27,0.20398,18
Hwang Soo-Yeon,1,2,15.82,0.10359,24
Kim Si-Hyeon,1,2,15.02,0.093,17
Cho Shi-Yoon,1,2,14.66,0.08123,20
Kim Min-Gyeong,1,2,14.16,0.65696,19
Park Se-Hee,1,2,13.34,0.04476,23
Kim Min-Ji,1,2,13.3,0.16528,23
Kim Min-Jung,1,2,12.78,1.31098,14
Chu Ye-Jin,1,2,12.62,0.25783,15
Jung Hae-Rim,1,2,11.91,0.03017,18
Gang Gyeong-Won,1,2,11.81,0.07245,19
Oh Seo-Jung,1,2,11.79,0.36207,21
Kim Tae-Ha,1,2,11.72,0.13413,18
Park Ha-Yi,1,2,10.6,0.11735,28
Park Ga-Eul,1,2,10.37,0.06048,17
Yu Su-A,1,2,10.01,0.0434,19
Lee Jin-Hee,1,2,9.97,0.13233,25
Ariyoshi Risa,1,2,9.57,0.14497,22
Hwang A-Young,1,2,8.9,0.07828,20
Lim Jung-Min,1,2,8.8,0.05286,15
Kim Yeon-Kyung,1,2,7.46,0.13979,21
Lee Yoon-Seo,1,2,7.37,0.05966,14
Shim Chae-Eun,1,2,7.24,0.02106,17
Kang Si-Hyeon,1,2,6.53,0.02624,18
Kang Daniel,2,2,194.88,28.62072,20
Park Ji-hoon,2,2,281.18,8.07915,17
Lee Dae-hwi,2,2,209.53,5.88507,16
Kim Jae-hwan,2,2,182.28,1.22435,20
Ong Seong-wu,2,2,199.88,3.05041,21
Park Woo-jin,2,2,139.69,2.94509,18
Lai Kuan-lin,2,2,220.27,4.80357,15
Yoon Ji-sung,2,2,137.27,9.53078,26
Hwang Min-hyun,2,2,200.4,2.50977,21
Bae Jin-young,2,2,150.29,2.17025,16
Ha Sung-woon,2,2,83.86,1.27342,23
Jung Se-woon,2,2,128.43,2.23945,20
Kang Dong-ho,2,2,158.57,4.51352,22
Kim Jong-hyun,2,2,279.55,7.03789,22
Im Young-min,2,2,201.18,2.46095,21
Ahn Hyung-seob,2,2,117.14,3.16613,18
Yoo Seon-ho,2,2,150.25,1.43571,15
Kim Samuel,2,2,130.65,4.86169,15
Ju Hak-nyeon,2,2,162.92,4.82096,18
Choi Min-ki ,2,2,110.26,0.77325,22
Kim Yong-guk,2,2,119.09,2.19854,21
Kwon Hyun-bin,2,2,64.55,3.23928,20
Lee Eui-woong,2,2,85.55,0.7336,16
Kenta Takada,2,2,78.39,0.40976,22
Noh Tae-hyun,2,2,94.53,1.47211,24
Kim Sang-gyun,2,2,83.08,1.12458,22
Jang Moon-bok,2,2,74.51,19.21451,22
Kim Dong-hyun,2,2,82.16,0.69374,19
Kim Dong-han,2,2,62.99,0.41682,19
Kim Tae-dong,2,2,87.72,0.59806,20
Seo Sung-hyuk,2,2,84.42,1.34975,18
Kim Ye-hyun,2,2,69.16,0.23593,18
Lee Gun-hee,2,2,80,1.10576,19
Lee Woo-jin,2,2,83.61,0.89928,14
Park Woo-dam,2,2,82.64,0.65624,22
Jung Dong-soo,2,2,58.78,0.37519,26
Park Sung-woo,2,2,56.27,0.64251,29
Hong Eun-ki,2,2,55.7,0.78297,20
Yoo Hoe-seung,2,2,52.71,0.32081,22
Woo Jin-young,2,2,52.21,0.4066,20
Joo Jin-woo,2,2,49.69,0.5178,23
Yeo Hwan-woong,2,2,47.28,0.4198,19
Justin,2,2,45.87,0.19876,15
Lee Gwang-hyun,2,2,44.24,0.13451,19
Byun Hyun-min,2,2,41.94,0.17119,18
Yoon Hee-seok,2,2,40.85,0.77828,20
Kim Sung-ri,2,2,39.5,0.13243,23
Kim Sang-bin,2,2,38.98,0.15094,22
Kim Tae-woo,2,2,36.77,0.56406,23
Lee Jun-woo,2,2,34.33,0.11509,19
Jung Jung,2,2,33.01,0.12373,21
Kim Nam-hyung,2,2,32.86,0.07214,24
Lee Ki-won,2,2,31.86,0.13963,21
Lee Yoo-jin,2,2,31.63,0.63593,25
Yoon Jae-chan,2,2,27.7,0.14738,17
Kim Yong-jin,2,2,26.14,0.53151,20
Lee In-soo,2,2,25.69,0.12307,21
Kim Dong-bin,2,2,25.68,1.05946,16
Jang Won-young,3,2,101.06,4.08747,13
Sakura Miyawaki,3,2,82.41,1.8507,20
Jo Yu-ri,3,2,74.71,0.52196,16
Choi Ye-na,3,2,60.13,2.36249,18
Ahn Yu-jin,3,2,91.02,1.56731,14
Nako Yabuki,3,2,94.76,3.79418,16
Kwon Eun-bi,3,2,90.7,4.59112,22
Kang Hye-won,3,2,92.74,0.55893,18
Hitomi Honda,3,2,71.62,0.6743,16
Kim Chae-won,3,2,60.24,0.143,17
Kim Min-joo,3,2,86.03,0.28832,17
"Lee Chae-yeon	",3,2,59.73,0.51049,18
Han Cho-won,3,2,76.6,3.08229,15
Lee Ga-eun,3,2,80.84,8.10807,23
Miho Miyazaki,3,2,50.43,0.82858,24
Juri Takahashi,3,2,57.91,0.28057,20
Miyu Takeuchi,3,2,48.78,1.04416,22
Miu Shitao,3,2,56.22,4.34362,17
Park Hae-yoon,3,2,59.47,0.33849,21
Miru Shiroma,3,2,65.73,1.08821,20
Kim Na-young,3,2,57.28,0.45351,15
Sae Murase,3,2,54.65,1.48194,21
Kim Do-ah,3,2,55.8,0.52231,14
Moe Goto,3,2,49.16,1.09212,17
Jang Gyu-ri,3,2,52.59,1.04569,20
Huh Yun-jin,3,2,73.03,1.50668,16
Kim Si-hyeon,3,2,54.97,0.11647,18
Wang Yi-ren,3,2,64.39,0.69237,17
Na Go-eun,3,2,48.81,0.165,18
Lee Si-an,3,2,58.97,0.42929,19
Ko Yu-jin,3,2,46.96,7.69737,17
Son Eun-chae,3,2,36.66,0.18361,18
Erii Chiba,3,2,35.99,0.70953,14
Mako Kojima,3,2,35.38,0.19393,21
Yoon Hae-sol,3,2,34.33,0.09006,20
Bae Eun-yeong,3,2,33.4,0.14336,21
Chiyori Nakanishi,3,2,30.83,0.16382,23
Tomu Muto,3,2,29.93,1.09212,23
Minami Sato,3,2,29.37,0.6497,14
Saho Iwatate,3,2,28.89,0.16008,23
Noe Yamada,3,2,27.1,0.61772,18
Nanami Asai,3,2,27,0.28172,18
Kim So-hee,3,2,26.92,0.3342,14
Kim Min-seo,3,2,25.77,0.09506,15
Vivian Murakawa,3,2,25.54,0.30517,18
Kim Hyun-ah,3,2,25.39,0.08358,23
Kim Su-yun,3,2,25.12,0.03745,17
Lee Ha-eun,3,2,25.97,0.15813,13
Misaki Aramaki,3,2,24.08,0.07271,17
Kim Cho-yeon,3,2,24.01,0.22779,16
Lee Yu-jeong,3,2,20.46,0.07529,14
Aoi Motomura,3,2,20.1,0.09045,21
Park Min-ji,3,2,19.38,0.09286,19
Yu Min-young,3,2,19.13,0.04516,18
Park Seo-young,3,2,17.27,0.44657,19
Wang Ke,3,2,16.77,0.14204,17
Cho Ka-hyeon,3,2,13.77,0.05316,15
Jeon So-mi,1,1,52.88,6.99526,15
Kim Se-jeong,1,1,55.97,5.89883,20
Choi Yoo-jung,1,1,39.28,1.65724,16
Kim Chung-ha,1,1,19.38,0.14694,20
Kim So-hye,1,1,22.77,1.56344,17
Zhou Jieqiong,1,1,38.75,0.68639,17
Jung Chae-yeon,1,1,25.15,0.34423,18
Kim Do-yeon,1,1,20.3,0.10405,16
Kang Mi-na,1,1,37.7,0.18644,16
Im Na-young,1,1,10.78,0.244,20
Yoo Yeon-jung,1,1,21.47,1.35739,17
Han Hye-Ri,1,1,12.51,0.04798,19
Lee Su-Hyun,1,1,6.56,0.05132,20
Kim Na-Young,1,1,25.06,0.42669,20
Kim So-Hee,1,1,10.95,0.13819,21
Yoon Chae-Kyung,1,1,15,0.05457,20
Lee Hae-In,1,1,5.25,0.38885,22
Park So-Yeon,1,1,15.61,0.12119,16
Ki Hui-Hyeon,1,1,29.45,0.31212,21
Jeon So-Yeon,1,1,23.04,0.09645,18
Jung Eun-Woo,1,1,17.59,0.43745,18
Kang Si-Ra,1,1,2.97,0.0098,25
Ng Sze-Kai,1,1,17.61,0.09271,22
Kim Danielle,1,1,27.39,0.31174,16
Park Si-Yeon,1,1,10.6,0.13926,15
Huh Chan-Mi,1,1,18.49,3.48624,24
Hwang In-Sun,1,1,5.97,0.42719,29
"Seong Hye-Min	",1,1,3.36,0.08663,27
Kang Yae-Bin,1,1,8.83,0.13101,18
Kim Seo-Kyung,1,1,7.25,0.01751,17
Lee Soo-Min,1,1,4.39,2.31236,17
An Ye-Seul,1,1,10.63,0.15928,21
Kim Hyeong-Eun,1,1,5.92,0.02621,22
Kim Ju-Na,1,1,16.18,0.98525,22
Kwon Eun-Bin,1,1,17.97,0.06789,16
Kang Si-Won,1,1,5.62,0.02212,20
Yoon Seo-Hyeung,1,1,7.36,0.09797,21
Park Hae-Young,1,1,4.77,0.02442,18
Hwang Soo-Yeon,1,1,3.09,1.09931,24
Kim Si-Hyeon,1,1,6.01,0.02462,17
Cho Shi-Yoon,1,1,10.21,0.02962,20
Kim Min-Gyeong,1,1,5.07,0.24844,19
Park Se-Hee,1,1,4.12,0.01259,23
Kim Min-Ji,1,1,6.31,0.1509,23
Kim Min-Jung,1,1,3.9,0.26354,14
Chu Ye-Jin,1,1,4.1,0.06464,15
Jung Hae-Rim,1,1,4.4,0.00936,18
Gang Gyeong-Won,1,1,7.12,0.03065,19
Oh Seo-Jung,1,1,5.14,0.21913,21
Kim Tae-Ha,1,1,6.41,0.04523,18
Park Ha-Yi,1,1,3.45,0.07276,28
Park Ga-Eul,1,1,4.19,0.02752,17
Yu Su-A,1,1,3.06,0.02432,19
Lee Jin-Hee,1,1,4.13,0.03851,25
Ariyoshi Risa,1,1,4.12,0.08146,22
Hwang A-Young,1,1,2.82,0.00798,20
Lim Jung-Min,1,1,3.68,0.008,15
Kim Yeon-Kyung,1,1,3.85,0.04656,21
Lee Yoon-Seo,1,1,5.68,0.00904,14
Shim Chae-Eun,1,1,3.03,0.00476,17
Kang Si-Hyeon,1,1,2.91,0.00381,18
Kim Da-Jeong,1,1,2.8,0.0123,21
Ahn Yu-Mi,1,1,2.78,0.01764,19
"Kim Si-Hyeon	",1,1,2.77,0.02462,17
Seo Hye-Lin,1,1,2.73,0.00767,21
Hwang Ri-Yu,1,1,2.7,0.00755,18
Hwang Se-Young,1,1,2.7,0.00603,22
Kim Ji-Sung,1,1,2.66,0.00706,20
Kim Su-Hyun,1,1,2.61,0.98888,16
Choi Eun-Bin,1,1,2.57,0.00655,23
Park Min-Ji,1,1,2.48,0.45922,17
Ham Ye-Ji,1,1,2.45,0.02813,22
Kim Mi-So,1,1,2.41,0.01446,16
Kim Woo-Jeong,1,1,2.38,0.02367,24
Heo Saem,1,1,2.37,0.0077,23
Han Ji-Yeon,1,1,2.36,0.01081,21
Niwa Shiori,1,1,2.3,0.00842,22
Pyun Kang-Yoon,1,1,2.19,0.00939,24
Lee Su-Hyeon,1,1,2.18,0.05132,20
Kim Hong-Eun,1,1,2.16,0.00224,17
Kim Do-Hee,1,1,2.15,0.01692,19
Kim Seol-A,1,1,2.14,0.01203,25
Oh Han A-Reum,1,1,2.12,0.0047,18
Kim Yun-Ji,1,1,2.12,0.00754,20
Lee Seo-Jeong,1,1,2.1,0.00985,16
Kim Ja-Yeon,1,1,2.09,0.00429,25
Lee Chae-Lin,1,1,2.09,0.00736,17
Choi Yu-Bin,1,1,2.08,0.00361,17
Katherine C. Lee,1,1,2.08,0.00175,15
Shin Hye-Hyeon,1,1,2.08,0.00258,17
Nam Su-Jin,1,1,2.02,0.00263,21
Kim Sol-Ee,1,1,1.99,0.00235,15
Lee Se-Heun,1,1,1.87,0.01205,17
Bang Joon-Hee,1,1,1.86,0.00537,18
Yun Yu-Dam,1,1,1.82,0.00513,19
Kim Bo-Seon,1,1,1.8,0.00304,22
Moon Hyun-Ju,1,1,1.67,0.00827,18
Kang Daniel,2,1,81.72,1.84465,20
Park Ji-hoon,2,1,104.42,3.45576,17
Lee Dae-hwi,2,1,80.95,2.03782,16
Kim Jae-hwan,2,1,57,0.19964,20
Ong Seong-wu,2,1,81.92,1.44369,21
Park Woo-jin,2,1,40.37,0.19531,18
Lai Kuan-lin,2,1,71.73,0.55706,15
Yoon Ji-sung,2,1,84.48,0.95603,26
Hwang Min-hyun,2,1,68.03,0.34289,21
Bae Jin-young,2,1,66.73,0.45882,16
Ha Sung-woon,2,1,45.99,0.28141,23
Jung Se-woon,2,1,63.41,0.50029,20
Kang Dong-ho,2,1,47.21,0.44277,22
Kim Jong-hyun,2,1,75.21,0.27056,22
Im Young-min,2,1,31.3,0.06726,21
Ahn Hyung-seob,2,1,81.06,0.49701,18
Yoo Seon-ho,2,1,57.5,0.15253,15
Kim Samuel,2,1,86.39,2.27134,15
Ju Hak-nyeon,2,1,70.34,0.67144,18
Choi Min-ki ,2,1,47.62,0.13698,22
Kim Yong-guk,2,1,19.54,0.0621,21
Kwon Hyun-bin,2,1,40.87,2.15871,20
Lee Eui-woong,2,1,52.1,0.25316,16
Kenta Takada,2,1,28.73,0.06765,22
Noh Tae-hyun,2,1,35.3,0.2729,24
Kim Sang-gyun,2,1,15.23,0.09041,22
Jang Moon-bok,2,1,59.7,11.64611,22
Kim Dong-hyun,2,1,16.31,0.26426,19
Kim Dong-han,2,1,17.51,0.05967,19
Kim Tae-dong,2,1,35.98,0.12334,20
Seo Sung-hyuk,2,1,12.08,0.03737,18
Kim Ye-hyun,2,1,15.96,0.03304,18
Lee Gun-hee,2,1,26.98,0.42897,19
Lee Woo-jin,2,1,51.15,0.29375,14
Park Woo-dam,2,1,11.25,0.65807,22
Jung Dong-soo,2,1,18.02,0.04892,26
Park Sung-woo,2,1,45.29,0.39766,29
Hong Eun-ki,2,1,17.68,0.13744,20
Yoo Hoe-seung,2,1,10.91,0.07271,22
Woo Jin-young,2,1,15.34,0.04627,20
Joo Jin-woo,2,1,14.14,0.13789,23
Yeo Hwan-woong,2,1,12.66,0.04155,19
Justin,2,1,26.17,0.0398,15
Lee Gwang-hyun,2,1,14.53,0.02954,19
Byun Hyun-min,2,1,11.64,0.04313,18
Yoon Hee-seok,2,1,26.41,0.15857,20
Kim Sung-ri,2,1,13.35,0.03398,23
Kim Sang-bin,2,1,10.01,0.01656,22
Kim Tae-woo,2,1,16.77,0.10828,23
Lee Jun-woo,2,1,15.7,0.03871,19
Jung Jung,2,1,12.26,0.02914,21
Kim Nam-hyung,2,1,11.28,0.01774,24
Lee Ki-won,2,1,10.31,0.02416,21
Lee Yoo-jin,2,1,13.05,0.18365,25
Yoon Jae-chan,2,1,10.12,0.02929,17
Kim Yong-jin,2,1,11.44,0.08829,20
Lee In-soo,2,1,10.56,0.04819,21
Kim Dong-bin,2,1,23.7,0.17521,16
Sung Hyun-woo,2,1,10,0.04787,20
Joo Won-tak,2,1,8.85,0.03773,21
Choi Dong-ha,2,1,8.8,0.02073,21
Jung Joong-ji,2,1,8.69,0.36467,25
Kwon Hyub,2,1,8.67,0.02439,19
Im Woo-hyuk,2,1,8.67,0.01782,22
Jung Hyo-jun,2,1,8.52,0.02518,25
Son Dong-myung,2,1,8.45,0.04475,18
Lee Seo-kyu,2,1,8.01,0.03829,19
Kim Hyun-woo,2,1,7.93,0.06361,19
Choi Tae-woong,2,1,7.83,0.03773,23
Jo Jin-hyung,2,1,7.79,0.02869,21
Yoon Yong-bin,2,1,7.7,0.12628,21
Han Min-ho,2,1,7.7,0.01773,20
Yoo Jin-won,2,1,7.63,0.02715,20
Kim Yeon-guk,2,1,7.58,0.00453,22
Jung Shi-hyun,2,1,7.48,0.04178,26
Kim Chan-yul,2,1,7.33,0.00636,25
Choi Seung-hyuk,2,1,7.3,0.02715,17
Lee Hoo-lim,2,1,7.23,0.06057,25
Kim Jae-han,2,1,7.13,0.04317,22
Kim Chan,2,1,7,0.01172,23
Jang Dae-hyun,2,1,6.91,0.01611,20
Yoo Kyung-mok,2,1,6.83,0.03363,23
Choi Ha-don,2,1,6.8,0.06033,24
Park Hee-seok,2,1,6.8,0.04789,25
Yoo Ho-yeon,2,1,6.77,0.00728,19
Jo Gyu-min,2,1,6.74,0.03703,24
Wang Min-hyuk,2,1,6.65,0.01183,23
Choi Jun-young,2,1,6.64,0.02748,20
Jo Sung-wook,2,1,6.44,0.01254,21
Kim Do-hyun,2,1,6.42,0.03433,25
Jo Yong-geun,2,1,6.17,0.03375,22
Lee Gun-min,2,1,6.04,0.00713,21
Jung Won-cheol,2,1,5.78,0.00988,21
Choi Hee-soo,2,1,5.6,0.01129,20
Choi Jae-woo,2,1,5.27,0.00908,20
Lee Ji-han,2,1,5.11,0.00751,19
Jang Won-young,3,1,53.96,2.9228,13
Sakura Miyawaki,3,1,53.23,4.79838,20
Jo Yu-ri,3,1,28.92,0.58018,16
Choi Ye-na,3,1,39.05,0.17685,18
Ahn Yu-jin,3,1,60.78,1.41943,14
Nako Yabuki,3,1,44.97,5.07937,16
Kwon Eun-bi,3,1,50.76,0.76395,22
Kang Hye-won,3,1,22.27,0.10473,18
Hitomi Honda,3,1,33.37,0.1792,16
Kim Chae-won,3,1,17.94,0.03039,17
Kim Min-joo,3,1,30.73,0.09576,17
"Lee Chae-yeon	",3,1,36.82,0.41139,18
Han Cho-won,3,1,8.91,0.05467,15
Lee Ga-eun,3,1,63.35,2.56224,23
Miho Miyazaki,3,1,25.66,0.3029,24
Juri Takahashi,3,1,28.95,0.15803,20
Miyu Takeuchi,3,1,36.24,0.41394,22
Miu Shitao,3,1,16.09,0.14313,17
Park Hae-yoon,3,1,10.92,0.01703,21
Miru Shiroma,3,1,29.79,0.16322,20
Kim Na-young,3,1,13.94,0.25872,15
Sae Murase,3,1,12.09,0.13464,21
Kim Do-ah,3,1,16.67,0.03702,14
Moe Goto,3,1,46.11,1.06734,17
Jang Gyu-ri,3,1,29.69,0.91215,20
Huh Yun-jin,3,1,24.73,0.08538,16
Kim Si-hyeon,3,1,26.26,0.06325,18
Wang Yi-ren,3,1,40.49,0.23266,17
Na Go-eun,3,1,17.82,0.03436,18
Lee Si-an,3,1,23.58,0.16638,19
Ko Yu-jin,3,1,22.04,0.09506,17
Son Eun-chae,3,1,17.57,0.081,18
Erii Chiba,3,1,22.84,0.62315,14
Mako Kojima,3,1,17.7,0.08217,21
Yoon Hae-sol,3,1,7.35,0.01609,20
Bae Eun-yeong,3,1,14.91,0.05656,21
Chiyori Nakanishi,3,1,12.77,0.02931,23
Tomu Muto,3,1,17.5,0.07061,23
Minami Sato,3,1,6.45,0.03378,14
Saho Iwatate,3,1,18.93,0.11293,23
Noe Yamada,3,1,31.44,0.59825,18
Nanami Asai,3,1,9.65,0.08948,18
Kim So-hee,3,1,7.59,0.1674,14
Kim Min-seo,3,1,6.99,0.04584,15
Vivian Murakawa,3,1,17.8,0.13779,18
Kim Hyun-ah,3,1,6.7,0.03326,23
Kim Su-yun,3,1,6.64,0.00823,17
Lee Ha-eun,3,1,16.43,0.14295,13
Misaki Aramaki,3,1,6.67,0.01952,17
Kim Cho-yeon,3,1,11.57,0.16052,16
Lee Yu-jeong,3,1,7.63,0.02747,14
Aoi Motomura,3,1,10.36,0.02613,21
Park Min-ji,3,1,6.81,0.04154,19
Yu Min-young,3,1,7.57,0.01925,18
Park Seo-young,3,1,11.21,0.0623,19
Wang Ke,3,1,10.13,0.05333,17
Cho Ka-hyeon,3,1,8.91,0.02626,15
Ikumi Nakano,3,1,6.42,0.01166,17
Hwang So-yeon,3,1,6.35,0.02116,17
Shin Su-hyun,3,1,6.35,0.03343,22
Kang Da-min,3,1,6.07,0.02714,14
Shinobu Mogi,3,1,5.77,0.01855,21
Erina Oda,3,1,5.76,0.01182,21
Yoon Eun-bin,3,1,5.74,0.02914,14
Choi Yeon-soo,3,1,5.62,0.24769,18
Natsumi Matsuoka ,3,1,5.45,0.01222,21
Park Chan-ju,3,1,5.29,0.0342,18
Park Jinny,3,1,5.25,0.0893,20
Kim Da-yeon,3,1,4.85,0.00594,15
Rena Hasegawa,3,1,4.78,0.00881,17
Cho Ah-yeong,3,1,4.63,0.11496,17
Lee Seung-hyeon,3,1,4.58,0.06531,17
Yuuka Kato,3,1,4.36,0.00881,20
Kim Da-hye,3,1,4.24,0.01849,16
Mina Imada,3,1,4.02,0.0097,21
Serika Nagano,3,1,4.01,0.00746,17
Hong Ye-ji,3,1,3.95,0.00834,16
Lee Chae-jeong,3,1,3.87,0.02495,18
Park Ji-eun,3,1,3.78,0.03662,20
Manami Ichikawa,3,1,3.77,0.02348,18
Alex Christine,3,1,3.75,0.01704,21
Sae Kurihara,3,1,3.73,0.0099,21
Cho Yeong-in,3,1,3.67,0.00485,17
Yuka Asai,3,1,3.59,0.00516,14
Ahn Ye-won,3,1,3.58,0.03874,17
Kokoro Naiki,3,1,3.45,0.0032,21
Kim Yu-bin,3,1,3.41,0.01681,15
Cho Sa-rang,3,1,3.4,0.00789,16
Choi So-eun,3,1,3.14,0.00576,18
Ayana Shinozaki,3,1,3.05,0.01987,22
Won Seo-yeon,3,1,3.01,0.00894,18
